{
  "70329e5be9b3e532d2ddb4c8d9420fdac9a91c57.jpg": {
    "title": "Navigation Progress Bar - Before You Begin (BYB)",
    "description": "Progress Bar - Before You Begin (BYB)",
    "tags": []
  },
  "f9265151bacda2d2dab2708687f37f114c6255f2.jpg": {
    "title": "Confirm Participation",
    "description": "Confirm Participation",
    "tags": []
  },
  "13d4983db5374c7a74b7ddfa3fa7c037e5ee3c32.png": {
    "title": "duty-courts-canada.png",
    "description": "duty-courts-canada.png",
    "tags": [
      {
        "title": "H1000-P",
        "_id": "5f9c2f87a8b5825064402350"
      },
      {
        "title": "Diversity",
        "_id": "5f9c2f87a8b5825064402351"
      }
    ]
  },
  "1a4217bb189e733fa6cd6b8dbef224fffe584af8.png": {
    "title": "dimension-diversity.png",
    "description": "dimension-diversity.png",
    "tags": [
      {
        "title": "Diversity",
        "_id": "5f9c2f87a8b5825064402351"
      },
      {
        "title": "H1000-P",
        "_id": "5f9c2f87a8b5825064402350"
      }
    ]
  },
  "1cee4f8defcefccce06149e1ea6bb02d5341011f.png": {
    "title": "module-conclusion.png",
    "description": "module-conclusion.png",
    "tags": [
      {
        "title": "Diversity",
        "_id": "5f9c2f87a8b5825064402351"
      },
      {
        "title": "H1000-P",
        "_id": "5f9c2f87a8b5825064402350"
      }
    ]
  },
  "1de0f38477e7d42b005da4f647c069dfc6c89932.jpg": {
    "title": "clock.jpg",
    "description": "clock.jpg",
    "tags": [
      {
        "title": "Diversity",
        "_id": "5f9c2f87a8b5825064402351"
      },
      {
        "title": "H1000-P",
        "_id": "5f9c2f87a8b5825064402350"
      }
    ]
  },
  "1e369dc8d0bfe618705904a9f69322691ff99489.png": {
    "title": "cultural-filters.png",
    "description": "cultural-filters.png",
    "tags": [
      {
        "title": "H1000-P",
        "_id": "5f9c2f87a8b5825064402350"
      },
      {
        "title": "Diversity",
        "_id": "5f9c2f87a8b5825064402351"
      }
    ]
  },
  "1fac84ce88c0ed4458d2d8a43c1c0553de6e5d5c.png": {
    "title": "duty-legal-obligation.png",
    "description": "duty-legal-obligation.png",
    "tags": [
      {
        "title": "H1000-P",
        "_id": "5f9c2f87a8b5825064402350"
      },
      {
        "title": "Diversity",
        "_id": "5f9c2f87a8b5825064402351"
      }
    ]
  },
  "2280f3a52fa453e8994fbe9c713999f3bd5f3ba6.jpg": {
    "title": "worldmap.jpg",
    "description": "worldmap.jpg",
    "tags": [
      {
        "title": "H1000-P",
        "_id": "5f9c2f87a8b5825064402350"
      },
      {
        "title": "Diversity",
        "_id": "5f9c2f87a8b5825064402351"
      }
    ]
  },
  "238b9e7e58058a968175450501c66b1502aa0af7.png": {
    "title": "marc_face.png",
    "description": "marc_face.png",
    "tags": [
      {
        "title": "H1000-P",
        "_id": "5f9c2f87a8b5825064402350"
      },
      {
        "title": "Diversity",
        "_id": "5f9c2f87a8b5825064402351"
      }
    ]
  },
  "310832d041dd20d48bc3294c32ead1db89fbc63d.png": {
    "title": "diversity-sentence.png",
    "description": "diversity-sentence.png",
    "tags": [
      {
        "title": "Diversity",
        "_id": "5f9c2f87a8b5825064402351"
      },
      {
        "title": "H1000-P",
        "_id": "5f9c2f87a8b5825064402350"
      }
    ]
  },
  "319af0427e9e8ca0db93bca48142eef4ced875e8.png": {
    "title": "people-banner.png",
    "description": "people-banner.png",
    "tags": [
      {
        "title": "H1000-P",
        "_id": "5f9c2f87a8b5825064402350"
      },
      {
        "title": "Diversity",
        "_id": "5f9c2f87a8b5825064402351"
      }
    ]
  },
  "3a6c5b215688d5ca15ee80fb1de65207c1ee742e.png": {
    "title": "duty.png",
    "description": "duty.png",
    "tags": [
      {
        "title": "Diversity",
        "_id": "5f9c2f87a8b5825064402351"
      },
      {
        "title": "H1000-P",
        "_id": "5f9c2f87a8b5825064402350"
      }
    ]
  },
  "3db956f49e35381e8c4edf3716a7e68c0e16dea0.png": {
    "title": "wave.png",
    "description": "wave.png",
    "tags": [
      {
        "title": "H1000-P",
        "_id": "5f9c2f87a8b5825064402350"
      },
      {
        "title": "Diversity",
        "_id": "5f9c2f87a8b5825064402351"
      }
    ]
  },
  "3dc56bde835c36910e74bd0091cb38bb77288c9f.png": {
    "title": "tips-communications.png",
    "description": "tips-communications.png",
    "tags": [
      {
        "title": "Diversity",
        "_id": "5f9c2f87a8b5825064402351"
      },
      {
        "title": "H1000-P",
        "_id": "5f9c2f87a8b5825064402350"
      }
    ]
  },
  "3f92fabdb0c55203b8d4d111f2bfa218dc4344b9.png": {
    "title": "handshake.png",
    "description": "handshake.png",
    "tags": [
      {
        "title": "H1000-P",
        "_id": "5f9c2f87a8b5825064402350"
      },
      {
        "title": "Diversity",
        "_id": "5f9c2f87a8b5825064402351"
      }
    ]
  },
  "45a519ae4572ab4835790301d4154ddb5d38b983.png": {
    "title": "canada.png",
    "description": "canada.png",
    "tags": [
      {
        "title": "H1000-P",
        "_id": "5f9c2f87a8b5825064402350"
      },
      {
        "title": "Diversity",
        "_id": "5f9c2f87a8b5825064402351"
      }
    ]
  },
  "4ca22b332641ca15ab3d990e6eb738ff46841600.png": {
    "title": "Learning goal (smaller)",
    "description": "Learning goal/Aim",
    "tags": []
  },
  "4e1ddfd8cb787da7da4dbf9327c2a1640d6ba5d6.png": {
    "title": "ryan_face.png",
    "description": "ryan_face.png",
    "tags": [
      {
        "title": "H1000-P",
        "_id": "5f9c2f87a8b5825064402350"
      },
      {
        "title": "Diversity",
        "_id": "5f9c2f87a8b5825064402351"
      }
    ]
  },
  "544c15bf0d37a6cd4beff6ce394833bc56182ce4.png": {
    "title": "iceberg.png",
    "description": "iceberg.png",
    "tags": [
      {
        "title": "Diversity",
        "_id": "5f9c2f87a8b5825064402351"
      },
      {
        "title": "H1000-P",
        "_id": "5f9c2f87a8b5825064402350"
      }
    ]
  },
  "5563e4cc43175488cca3dca0cc825b19527c2011.png": {
    "title": "EEA-redress.png",
    "description": "EEA-redress.png",
    "tags": [
      {
        "title": "Diversity",
        "_id": "5f9c2f87a8b5825064402351"
      },
      {
        "title": "H1000-P",
        "_id": "5f9c2f87a8b5825064402350"
      }
    ]
  },
  "56e2580315ce2c6eb9d2e575fa6e49eacb1c515b.png": {
    "title": "EEA-purpose.png",
    "description": "EEA-purpose.png",
    "tags": [
      {
        "title": "Diversity",
        "_id": "5f9c2f87a8b5825064402351"
      },
      {
        "title": "H1000-P",
        "_id": "5f9c2f87a8b5825064402350"
      }
    ]
  },
  "598a6a67bb1688d4ae68c5400960a639e0f27fb6.jpg": {
    "title": "team.jpg",
    "description": "team.jpg",
    "tags": [
      {
        "title": "H1000-P",
        "_id": "5f9c2f87a8b5825064402350"
      },
      {
        "title": "Diversity",
        "_id": "5f9c2f87a8b5825064402351"
      }
    ]
  },
  "59aadd80bf24184e978f1867d08113eadd654a22.png": {
    "title": "marc.png",
    "description": "marc.png",
    "tags": [
      {
        "title": "H1000-P",
        "_id": "5f9c2f87a8b5825064402350"
      },
      {
        "title": "Diversity",
        "_id": "5f9c2f87a8b5825064402351"
      }
    ]
  },
  "623ede15206f7f8ecb5d6a177bb16365b6ac9b60.jpg": {
    "title": "equity.jpg",
    "description": "equity.jpg",
    "tags": [
      {
        "title": "Diversity",
        "_id": "5f9c2f87a8b5825064402351"
      },
      {
        "title": "H1000-P",
        "_id": "5f9c2f87a8b5825064402350"
      }
    ]
  },
  "68d9c56aa4eb78ae7de93f9a6c92cbe803bd09cb.png": {
    "title": "amber.png",
    "description": "amber.png",
    "tags": [
      {
        "title": "H1000-P",
        "_id": "5f9c2f87a8b5825064402350"
      },
      {
        "title": "Diversity",
        "_id": "5f9c2f87a8b5825064402351"
      }
    ]
  },
  "6e75715b7eca87c795a944886b1816e0d0cab978.png": {
    "title": "note.png",
    "description": "note.png",
    "tags": [
      {
        "title": "Diversity",
        "_id": "5f9c2f87a8b5825064402351"
      },
      {
        "title": "H1000-P",
        "_id": "5f9c2f87a8b5825064402350"
      }
    ]
  },
  "7663ac3003f9333c859aef532f6cf1bd00af1b22.png": {
    "title": "tips-communications-4.png",
    "description": "tips-communications-4.png",
    "tags": [
      {
        "title": "Diversity",
        "_id": "5f9c2f87a8b5825064402351"
      },
      {
        "title": "H1000-P",
        "_id": "5f9c2f87a8b5825064402350"
      }
    ]
  },
  "7a6575949582a00914e10e306d9e7dc1b5bc0e31.jpg": {
    "title": "diversity-banner.jpg",
    "description": "diversity-banner.jpg",
    "tags": [
      {
        "title": "H1000-P",
        "_id": "5f9c2f87a8b5825064402350"
      },
      {
        "title": "Diversity",
        "_id": "5f9c2f87a8b5825064402351"
      }
    ]
  },
  "7ed6d92b413473094bbb2db5556d1f54a963c0ac.png": {
    "title": "CHRA-redress.png",
    "description": "CHRA-redress.png",
    "tags": [
      {
        "title": "Diversity",
        "_id": "5f9c2f87a8b5825064402351"
      },
      {
        "title": "H1000-P",
        "_id": "5f9c2f87a8b5825064402350"
      }
    ]
  },
  "7fdaae2ec96148dfc899dd548ad6e2293d1c7079.png": {
    "title": "immigrate-canada.png",
    "description": "immigrate-canada.png",
    "tags": [
      {
        "title": "Diversity",
        "_id": "5f9c2f87a8b5825064402351"
      },
      {
        "title": "H1000-P",
        "_id": "5f9c2f87a8b5825064402350"
      }
    ]
  },
  "82067333a7b91d8686c6700505e515faa55555dc.png": {
    "title": "sikhs.png",
    "description": "sikhs.png",
    "tags": [
      {
        "title": "Diversity",
        "_id": "5f9c2f87a8b5825064402351"
      },
      {
        "title": "H1000-P",
        "_id": "5f9c2f87a8b5825064402350"
      }
    ]
  },
  "836da201a7b279f35c338b8c49722f7250b50081.png": {
    "title": "EEA.png",
    "description": "EEA.png",
    "tags": [
      {
        "title": "Diversity",
        "_id": "5f9c2f87a8b5825064402351"
      },
      {
        "title": "H1000-P",
        "_id": "5f9c2f87a8b5825064402350"
      }
    ]
  },
  "92ff798a07dfd536dd1245c1639e4614d692fbbc.jpg": {
    "title": "visible-minoirty.jpg",
    "description": "visible-minoirty.jpg",
    "tags": [
      {
        "title": "H1000-P",
        "_id": "5f9c2f87a8b5825064402350"
      },
      {
        "title": "Diversity",
        "_id": "5f9c2f87a8b5825064402351"
      }
    ]
  },
  "a64172a291f35d8110d5caf64b77a9bdc5048a3e.jpg": {
    "title": "officer_Woman_01.jpg",
    "description": "Officer Woman diverse ",
    "tags": []
  },
  "a68761861e2e821633528030d8dd1529c0d5262f.png": {
    "title": "quote.png",
    "description": "quote.png",
    "tags": [
      {
        "title": "H1000-P",
        "_id": "5f9c2f87a8b5825064402350"
      },
      {
        "title": "Diversity",
        "_id": "5f9c2f87a8b5825064402351"
      }
    ]
  },
  "a800511de3d866c4631d3b76a4423ff9bbad89e6.jpg": {
    "title": "earth-unity.jpg",
    "description": "earth-unity.jpg",
    "tags": [
      {
        "title": "H1000-P",
        "_id": "5f9c2f87a8b5825064402350"
      },
      {
        "title": "Diversity",
        "_id": "5f9c2f87a8b5825064402351"
      }
    ]
  },
  "a808e9966ab2874c927583061f9b0b3d05ec6c2b.png": {
    "title": "CHRA.png",
    "description": "CHRA.png",
    "tags": [
      {
        "title": "Diversity",
        "_id": "5f9c2f87a8b5825064402351"
      },
      {
        "title": "H1000-P",
        "_id": "5f9c2f87a8b5825064402350"
      }
    ]
  },
  "ac7f599abfe35410e8ba0c254bf41084631209a1.png": {
    "title": "duty-focus.png",
    "description": "duty-focus.png",
    "tags": [
      {
        "title": "H1000-P",
        "_id": "5f9c2f87a8b5825064402350"
      },
      {
        "title": "Diversity",
        "_id": "5f9c2f87a8b5825064402351"
      }
    ]
  },
  "ae7b96a0ef337c59ccbbf16a8cfdbde6bbd316fa.jpg": {
    "title": "diversity-answer.jpg",
    "description": "diversity-answer.jpg",
    "tags": [
      {
        "title": "H1000-P",
        "_id": "5f9c2f87a8b5825064402350"
      },
      {
        "title": "Diversity",
        "_id": "5f9c2f87a8b5825064402351"
      }
    ]
  },
  "af48c5624901f09c933656fabc687d568c38edca.png": {
    "title": "tips-communications-3.png",
    "description": "tips-communications-3.png",
    "tags": [
      {
        "title": "H1000-P",
        "_id": "5f9c2f87a8b5825064402350"
      },
      {
        "title": "diveristy",
        "_id": "5f9c2f8ca8b582506440237c"
      }
    ]
  },
  "b44ece6bfa88e02ce9ec9386f595789e55064175.jpg": {
    "title": "earth_03.jpg",
    "description": "Earth Unity",
    "tags": []
  },
  "b5cc5fd4ceab5da7dbeed8c24eb6cec0d44115a0.png": {
    "title": "amber_face.png",
    "description": "amber_face.png",
    "tags": [
      {
        "title": "H1000-P",
        "_id": "5f9c2f87a8b5825064402350"
      },
      {
        "title": "Diversity",
        "_id": "5f9c2f87a8b5825064402351"
      }
    ]
  },
  "b7683567b58098084eadf57b5be1befe6d5f21b8.png": {
    "title": "ryan.png",
    "description": "ryan.png",
    "tags": [
      {
        "title": "H1000-P",
        "_id": "5f9c2f87a8b5825064402350"
      },
      {
        "title": "Diversity",
        "_id": "5f9c2f87a8b5825064402351"
      }
    ]
  },
  "b8628a18c26950102277d6af3635277b02de6661.png": {
    "title": "Book set (No bg) ",
    "description": "Book set no background",
    "tags": []
  },
  "ba6274ef173e84e31278f1204f5db7ba5de815da.jpg": {
    "title": "diversity.jpg",
    "description": "diversity.jpg",
    "tags": [
      {
        "title": "Diversity",
        "_id": "5f9c2f87a8b5825064402351"
      },
      {
        "title": "H1000-P",
        "_id": "5f9c2f87a8b5825064402350"
      }
    ]
  },
  "c12e2453de65d8c14ff218f618b5f82b9a7abf0d.png": {
    "title": "satisfaction.png",
    "description": "satisfaction.png",
    "tags": [
      {
        "title": "H1000-P",
        "_id": "5f9c2f87a8b5825064402350"
      },
      {
        "title": "Diversity",
        "_id": "5f9c2f87a8b5825064402351"
      }
    ]
  },
  "c1685ac93037b7d39d37292b3f19529e75d56b99.png": {
    "title": "you.png",
    "description": "you.png",
    "tags": [
      {
        "title": "H1000-P",
        "_id": "5f9c2f87a8b5825064402350"
      },
      {
        "title": "Diversity",
        "_id": "5f9c2f87a8b5825064402351"
      }
    ]
  },
  "c9b6f5524556f56e58de8ea785a769e0d3da1ff6.png": {
    "title": "diversity-law.png",
    "description": "diversity-law.png legislation",
    "tags": [
      {
        "title": "H1000-P",
        "_id": "5f9c2f87a8b5825064402350"
      },
      {
        "title": "Diversity",
        "_id": "5f9c2f87a8b5825064402351"
      }
    ]
  },
  "c9e555a08206f95a1fed636fd1fc810243d73a3e.png": {
    "title": "EEA-focus.png",
    "description": "EEA-focus.png",
    "tags": [
      {
        "title": "Diversity",
        "_id": "5f9c2f87a8b5825064402351"
      },
      {
        "title": "H1000-P",
        "_id": "5f9c2f87a8b5825064402350"
      }
    ]
  },
  "c9ec9fbb200199f6cd2718b736998dd025591e04.png": {
    "title": "duty-undue.png",
    "description": "duty-undue.png",
    "tags": [
      {
        "title": "Diversity",
        "_id": "5f9c2f87a8b5825064402351"
      },
      {
        "title": "H1000-P",
        "_id": "5f9c2f87a8b5825064402350"
      }
    ]
  },
  "d2f72f8257de8f07186140006a4d47d3f7ef948b.png": {
    "title": "CHRA-thirteen-grounds.png",
    "description": "CHRA-thirteen-grounds.png",
    "tags": [
      {
        "title": "Diversity",
        "_id": "5f9c2f87a8b5825064402351"
      },
      {
        "title": "H1000-P",
        "_id": "5f9c2f87a8b5825064402350"
      }
    ]
  },
  "dee498412c437e8da6b35da24f40d3fdc573f2bb.PNG": {
    "title": "Business woman ",
    "description": "Ethnic Business woman ",
    "tags": []
  },
  "e1505b97920852eb65f0c76d17f48837864f34e2.jpg": {
    "title": "oui.jpg",
    "description": "oui.jpg",
    "tags": [
      {
        "title": "Diversity",
        "_id": "5f9c2f87a8b5825064402351"
      },
      {
        "title": "H1000-P",
        "_id": "5f9c2f87a8b5825064402350"
      }
    ]
  },
  "e5d936d122e237501bdf03d0be9e5185cc248814.jpg": {
    "title": "Time ",
    "description": "Time duration image",
    "tags": []
  },
  "ec297236b609f78e1181ae5466035e122abf4e6d.png": {
    "title": "duty-purpose.png",
    "description": "duty-purpose.png",
    "tags": [
      {
        "title": "Diversity",
        "_id": "5f9c2f87a8b5825064402351"
      },
      {
        "title": "H1000-P",
        "_id": "5f9c2f87a8b5825064402350"
      }
    ]
  },
  "ef66c4e70ce6288030ea1e44e34bc5a443095aae.png": {
    "title": "CHRA-Purpose.png",
    "description": "CHRA-Purpose.png",
    "tags": [
      {
        "title": "Diversity",
        "_id": "5f9c2f87a8b5825064402351"
      },
      {
        "title": "H1000-P",
        "_id": "5f9c2f87a8b5825064402350"
      }
    ]
  },
  "f4526636d9bfa530bbcbe3ecd23ef4bdd99d0906.png": {
    "title": "tips-communications-2.png",
    "description": "tips-communications-2.png",
    "tags": [
      {
        "title": "Diversity",
        "_id": "5f9c2f87a8b5825064402351"
      },
      {
        "title": "H1000-P",
        "_id": "5f9c2f87a8b5825064402350"
      }
    ]
  },
  "f57befdceb6b509c0e1f790b6621eab3d4715c5e.jpg": {
    "title": "Art Hand",
    "description": "Colorful Art hand representing diversity ",
    "tags": []
  },
  "f9021bad0acc186f206010e03c3765acccb9ad1e.png": {
    "title": "blank.png",
    "description": "blank.png",
    "tags": [
      {
        "title": "Diversity",
        "_id": "5f9c2f87a8b5825064402351"
      },
      {
        "title": "H1000-P",
        "_id": "5f9c2f87a8b5825064402350"
      }
    ]
  },
  "faa9169d774e739e4bb9fceb394bcb9c92a697c5.png": {
    "title": "cultual-woman.png",
    "description": "cultual-woman.png",
    "tags": [
      {
        "title": "H1000-P",
        "_id": "5f9c2f87a8b5825064402350"
      },
      {
        "title": "Diversity",
        "_id": "5f9c2f87a8b5825064402351"
      }
    ]
  },
  "fc490702b28fe9c46b29c4a75bec623e98c833be.png": {
    "title": "EEA-designated-groups.png",
    "description": "EEA-designated-groups.png",
    "tags": [
      {
        "title": "Diversity",
        "_id": "5f9c2f87a8b5825064402351"
      },
      {
        "title": "H1000-P",
        "_id": "5f9c2f87a8b5825064402350"
      }
    ]
  },
  "fcfcb9513c21ccc1ace77642f618a3a51c896add.png": {
    "title": "city.png",
    "description": "city.png",
    "tags": [
      {
        "title": "Diversity",
        "_id": "5f9c2f87a8b5825064402351"
      },
      {
        "title": "H1000-P",
        "_id": "5f9c2f87a8b5825064402350"
      }
    ]
  },
  "fecbdeaae66dca0cae8e50cb2b540eb6ff121ff3.png": {
    "title": "ethnic-man.png",
    "description": "ethnic-man.png",
    "tags": [
      {
        "title": "H1000-P",
        "_id": "5f9c2f87a8b5825064402350"
      },
      {
        "title": "Diversity",
        "_id": "5f9c2f87a8b5825064402351"
      }
    ]
  },
  "ff5eaf525671c9b00c96551860a20a35a7e1ae9b.png": {
    "title": "CHRA_focus.png",
    "description": "CHRA_focus.png",
    "tags": [
      {
        "title": "H1000-P",
        "_id": "5f9c2f87a8b5825064402350"
      },
      {
        "title": "Diversity",
        "_id": "5f9c2f87a8b5825064402351"
      }
    ]
  }
}