[
  {
    "title": "Before You Begin ",
    "displayTitle": "Before You Begin ",
    "body": "",
    "_classes": "",
    "pageBody": "",
    "linkText": "Start",
    "duration": "5 min",
    "_lockedBy": [],
    "_lockType": "",
    "_isOptional": false,
    "_isAvailable": true,
    "_isHidden": false,
    "_isVisible": true,
    "_id": "5f9c2f8fa8b582506440239c",
    "_type": "page",
    "_parentId": "course",
    "_graphic": {
      "alt": "",
      "src": ""
    },
    "_onScreen": {
      "_isEnabled": false,
      "_classes": "",
      "_percentInviewVertical": 50
    },
    "_pageLevelProgress": {
      "_isEnabled": true,
      "_showPageCompletion": true,
      "_excludeAssessments": false
    },
    "_bookmarking": {
      "_isEnabled": true,
      "_level": "inherit"
    }
  },
  {
    "title": "Module 1: Dispelling some myths",
    "displayTitle": "Module 1: Dispelling some myths",
    "body": "",
    "_classes": "",
    "pageBody": "",
    "linkText": "Start",
    "duration": "10 min",
    "_lockedBy": [],
    "_lockType": "",
    "_isOptional": false,
    "_isAvailable": true,
    "_isHidden": false,
    "_isVisible": true,
    "_id": "5f9c2f8fa8b582506440239d",
    "_parentId": "course",
    "_type": "page",
    "_graphic": {
      "alt": "",
      "src": ""
    },
    "_onScreen": {
      "_isEnabled": false,
      "_classes": "",
      "_percentInviewVertical": 50
    },
    "_pageLevelProgress": {
      "_isEnabled": true,
      "_showPageCompletion": true,
      "_excludeAssessments": false
    },
    "_bookmarking": {
      "_isEnabled": true,
      "_level": "inherit"
    }
  },
  {
    "title": "Module 2: Definitions and policies",
    "displayTitle": "Module 2: Definitions and policies",
    "body": "",
    "_classes": "",
    "pageBody": "",
    "linkText": "Start",
    "duration": "30 min",
    "_lockedBy": [],
    "_lockType": "",
    "_isOptional": false,
    "_isAvailable": true,
    "_isHidden": false,
    "_isVisible": true,
    "_id": "5f9c2f8fa8b582506440239e",
    "_parentId": "course",
    "_type": "page",
    "_graphic": {
      "alt": "",
      "src": ""
    },
    "_onScreen": {
      "_isEnabled": false,
      "_classes": "",
      "_percentInviewVertical": 50
    },
    "_pageLevelProgress": {
      "_isEnabled": true,
      "_showPageCompletion": true,
      "_excludeAssessments": false
    },
    "_bookmarking": {
      "_isEnabled": true,
      "_level": "inherit"
    }
  },
  {
    "title": "Module 3: Building diversity Awareness",
    "displayTitle": "Module 3: Building diversity Awareness",
    "body": "",
    "_classes": "",
    "pageBody": "",
    "linkText": "Start",
    "duration": "45 min",
    "_lockedBy": [],
    "_lockType": "",
    "_isOptional": false,
    "_isAvailable": true,
    "_isHidden": false,
    "_isVisible": true,
    "_id": "5f9c2f8fa8b582506440239f",
    "_parentId": "course",
    "_type": "page",
    "_graphic": {
      "alt": "",
      "src": ""
    },
    "_onScreen": {
      "_isEnabled": false,
      "_classes": "",
      "_percentInviewVertical": 50
    },
    "_pageLevelProgress": {
      "_isEnabled": true,
      "_showPageCompletion": true,
      "_excludeAssessments": false
    },
    "_bookmarking": {
      "_isEnabled": true,
      "_level": "inherit"
    }
  },
  {
    "title": "Module 4: Application of diversity ",
    "displayTitle": "Module 4: Application of diversity ",
    "body": "",
    "_classes": "",
    "pageBody": "",
    "linkText": "Start",
    "duration": "40 min",
    "_lockedBy": [],
    "_lockType": "",
    "_isOptional": false,
    "_isAvailable": true,
    "_isHidden": false,
    "_isVisible": true,
    "_id": "5f9c2f8fa8b58250644023a0",
    "_parentId": "course",
    "_type": "page",
    "_graphic": {
      "alt": "",
      "src": ""
    },
    "_onScreen": {
      "_isEnabled": false,
      "_classes": "",
      "_percentInviewVertical": 50
    },
    "_pageLevelProgress": {
      "_isEnabled": true,
      "_showPageCompletion": true,
      "_excludeAssessments": false
    },
    "_bookmarking": {
      "_isEnabled": true,
      "_level": "inherit"
    }
  },
  {
    "title": "Final Exercise",
    "displayTitle": "Final Exercise",
    "body": "",
    "_classes": "",
    "pageBody": "",
    "linkText": "Start",
    "duration": "15 min",
    "_lockedBy": [],
    "_lockType": "",
    "_isOptional": false,
    "_isAvailable": true,
    "_isHidden": false,
    "_isVisible": true,
    "_id": "5f9c2f8fa8b58250644023a1",
    "_parentId": "course",
    "_type": "page",
    "_graphic": {
      "alt": "",
      "src": ""
    },
    "_onScreen": {
      "_isEnabled": false,
      "_classes": "",
      "_percentInviewVertical": 50
    },
    "_pageLevelProgress": {
      "_isEnabled": true,
      "_showPageCompletion": true,
      "_excludeAssessments": false
    },
    "_bookmarking": {
      "_isEnabled": true,
      "_level": "inherit"
    }
  },
  {
    "title": "Assets",
    "displayTitle": "Assets",
    "body": "",
    "_classes": "",
    "pageBody": "",
    "linkText": "View",
    "duration": "",
    "_lockedBy": [],
    "_lockType": "",
    "_isOptional": true,
    "_isAvailable": false,
    "_isHidden": true,
    "_isVisible": false,
    "_id": "5f9c2f8fa8b58250644023a2",
    "_parentId": "course",
    "_type": "page",
    "_graphic": {
      "alt": "",
      "src": ""
    },
    "_onScreen": {
      "_isEnabled": false,
      "_classes": "",
      "_percentInviewVertical": 50
    },
    "_pageLevelProgress": {
      "_isEnabled": true,
      "_showPageCompletion": true,
      "_excludeAssessments": false
    },
    "_bookmarking": {
      "_isEnabled": true,
      "_level": "inherit"
    }
  }
]