{
  "title": "H1000-P - Diversity and Race Relations",
  "displayTitle": "H1000-P - Diversity and Race Relations",
  "body": "",
  "description": "",
  "_latestTrackingId": 124,
  "_buttons": {
    "_submit": {
      "buttonText": "Submit",
      "ariaLabel": "Submit"
    },
    "_reset": {
      "buttonText": "Reset",
      "ariaLabel": "Reset"
    },
    "_showCorrectAnswer": {
      "buttonText": "Show correct answer",
      "ariaLabel": "Show correct answer"
    },
    "_hideCorrectAnswer": {
      "buttonText": "Hide correct answer",
      "ariaLabel": "Hide correct answer"
    },
    "_showFeedback": {
      "buttonText": "Show feedback",
      "ariaLabel": "Show feedback"
    },
    "remainingAttemptsText": "remaining attempts",
    "remainingAttemptText": "final attempt",
    "disabledAriaLabel": "This button is disabled at the moment"
  },
  "_classes": "",
  "_lockType": "sequential",
  "_id": "course",
  "_start": {
    "_isEnabled": false,
    "_startIds": [],
    "_force": false,
    "_isMenuDisabled": false
  },
  "_globals": {
    "_accessibility": {
      "accessibilityToggleTextOn": "Turn accessibility on?",
      "accessibilityToggleTextOff": "Turn accessibility off?",
      "skipNavigationText": "Skip navigation",
      "_accessibilityInstructions": {
        "touch": "Usage instructions. Use swipe left for next. Use swipe right for previous. Use a double tap to select. Use a two finger slide up to go to the top of the page.",
        "notouch": "Usage instructions. Use tab for next. Use shift tab for previous. Use enter to select. Use escape to go to the top of the page.",
        "ipad": "Usage instructions for touchscreens. Use swipe left for next. Use swipe right for previous. Use a double tap to select. Use a two finger slide up to go to the top of the page. Usage instructions for keyboard access. Use left for next. Use right for previous. Use up and down together to select."
      },
      "_ariaLabels": {
        "navigation": "Course navigation bar",
        "skipNavigation": "Skip Navigation",
        "menuLoaded": "Menu loaded",
        "page": "Page",
        "pageLoaded": "Page loaded",
        "previous": "Back",
        "navigationDrawer": "Open course resources and search",
        "drawer": "Side drawer",
        "closePopup": "Close popup",
        "next": "Next",
        "done": "Done",
        "complete": "Complete",
        "incomplete": "Incomplete",
        "correct": "Correct",
        "incorrect": "Incorrect",
        "locked": "Locked",
        "accessibilityToggleButton": "By selecting this button you can set whether accessibility is turned on or off",
        "feedbackPopUp": "Popup opened",
        "visited": "Visited",
        "menuIndicatorHeading": "Menu item heading "
      }
    },
    "_components": {
      "_text": {
        "ariaRegion": ""
      },
      "_narrative": {
        "ariaRegion": "This component displays an image gallery with accompanying text. Use the next and back navigation controls to work through the narrative."
      },
      "_media": {
        "ariaRegion": "This is a media player component. Select the play / pause button to watch or listen.",
        "transcriptButton": "Alternatively you can select the link below for the transcript."
      },
      "_hotgraphic": {
        "ariaRegion": "Below is a component which allows you to select hot spots over an image. Select a hot spot to trigger a popup that includes an image with display text. Select the close button to close the popup.",
        "ariaPopupLabel": "Hotgraphic popup"
      },
      "_graphic": {
        "ariaRegion": ""
      },
      "_matching": {
        "ariaRegion": "Matching. Select from lists and then submit."
      },
      "_textinput": {
        "ariaRegion": "Text input. Type your answer and then submit."
      },
      "_mcq": {
        "ariaRegion": "This is a multiple choice question. Once you have selected an option, select the submit button below"
      },
      "_gmcq": {
        "ariaRegion": "This is a graphical multiple choice question. Once you have selected an option, select the submit button below."
      },
      "_slider": {
        "ariaRegion": "Slider. Respond to the question by selecting a value on the scale and then submit.",
        "labelStart": "Start of the scale",
        "labelEnd": "End of the scale"
      },
      "_accordion": {
        "ariaRegion": "This component is an accordion comprised of collapsible content panels containing display text. Select the item titles to toggle the visibility of these content panels."
      },
      "_clickAndLearn": {
        "ariaRegion": "This component is a click and learn type of component where we have few clickable cards, after clicking on one of those card they reveal text associated with them."
      },
      "_flipcard": {
        "ariaRegion": "This component is a flipcard comprised of flippable cards containing display image. Select the front face image to flip to the back face of these card to display associated text."
      },
      "_reveal": {
        "ariaLabel": "Reveal toggle button."
      },
      "_expose": {
        "ariaRegion": ""
      },
      "_tabs": {
        "ariaRegion": "A tabbed content container. Content can be text, graphic or both."
      },
      "_tidbits": {
        "ariaRegion": "This component displays text with links. Use the links to access more information."
      }
    },
    "_extensions": {
      "_trickle": {
        "incompleteContent": "There is incomplete content above. You must complete this before you can proceed through the course."
      },
      "_pageLevelProgress": {
        "pageLevelProgress": "Page sections",
        "pageLevelProgressIndicatorBar": "Progress bar. Select here to view your current progress, and select an item to navigate to it. You have completed ",
        "pageLevelProgressMenuBar": "You have completed ",
        "pageLevelProgressEnd": "You have reached the end of the list of page sections.",
        "optionalContent": "Optional Content"
      },
      "_resources": {
        "resources": "Additional resources."
      }
    }
  },
  "_type": "course",
  "_assessment": {
    "_postTotalScoreToLms": true,
    "_isPercentageBased": true,
    "_scoreToPass": 80
  },
  "_pageLevelProgress": {
    "_isEnabled": true,
    "_showPageCompletion": true
  },
  "_aboutUs": {
    "_drawerOrder": 0,
    "title": "Contact Us",
    "description": "",
    "headline": "",
    "_graphic": {
      "alt": "",
      "src": ""
    },
    "_aboutUsItems": [
      {
        "title": "Contact Us",
        "description": "<p>To report a technical issue or if you have comments and/or suggestions regarding this online training product, please contact the <a href=\"mailto:H0PLTAg@cbsa-asfc.gc.ca\">My Learning Team</a>.</p>"
      }
    ],
    "_socialLinks": []
  },
  "_drawerPageNavigation": {
    "_isEnabled": true,
    "title": "Module",
    "description": "Click here to navigate this course"
  },
  "_resources": {
    "_isEnabled": true,
    "_drawerOrder": 0,
    "title": "Learning Resources",
    "description": "",
    "_filterButtons": {
      "all": "All",
      "document": "Documents",
      "media": "Media",
      "link": "Links"
    },
    "_filterAria": {
      "allAria": "View all resources",
      "documentAria": "View document resources",
      "mediaAria": "View media resources",
      "linkAria": "View resource links"
    },
    "_resourcesItems": [
      {
        "_type": "link",
        "_forceDownload": false,
        "title": "CBSA Discipline Policy",
        "filename": "",
        "description": "",
        "_link": "http://atlas/hrb-dgrh/pol/sr-rt/discipline/pol_e.asp"
      },
      {
        "_type": "link",
        "_forceDownload": false,
        "title": "Public Service Disclosure Protection Act ",
        "filename": "",
        "description": "",
        "_link": "https://laws-lois.justice.gc.ca/eng/acts/P-31.9/"
      }
    ]
  },
  "_bookmarking": {
    "_isEnabled": true,
    "_level": "component",
    "_showPrompt": true,
    "title": "Bookmarking",
    "body": "Would you like to continue where you left off?",
    "_buttons": {
      "yes": "Yes",
      "no": "No"
    }
  }
}