{
  "70329e5be9b3e532d2ddb4c8d9420fdac9a91c57.jpg": {
    "title": "Navigation Progress Bar - Before You Begin (BYB)",
    "description": "Progress Bar - Before You Begin (BYB)",
    "tags": []
  },
  "1a4217bb189e733fa6cd6b8dbef224fffe584af8.png": {
    "title": "dimension-diversity.png",
    "description": "dimension-diversity.png",
    "tags": [
      {
        "title": "Diversity",
        "_id": "5f9c2f87a8b5825064402351"
      },
      {
        "title": "H1000-P",
        "_id": "5f9c2f87a8b5825064402350"
      }
    ]
  },
  "1cee4f8defcefccce06149e1ea6bb02d5341011f.png": {
    "title": "module-conclusion.png",
    "description": "module-conclusion.png",
    "tags": [
      {
        "title": "Diversity",
        "_id": "5f9c2f87a8b5825064402351"
      },
      {
        "title": "H1000-P",
        "_id": "5f9c2f87a8b5825064402350"
      }
    ]
  },
  "1de0f38477e7d42b005da4f647c069dfc6c89932.jpg": {
    "title": "clock.jpg",
    "description": "clock.jpg",
    "tags": [
      {
        "title": "Diversity",
        "_id": "5f9c2f87a8b5825064402351"
      },
      {
        "title": "H1000-P",
        "_id": "5f9c2f87a8b5825064402350"
      }
    ]
  },
  "2280f3a52fa453e8994fbe9c713999f3bd5f3ba6.jpg": {
    "title": "worldmap.jpg",
    "description": "worldmap.jpg",
    "tags": [
      {
        "title": "H1000-P",
        "_id": "5f9c2f87a8b5825064402350"
      },
      {
        "title": "Diversity",
        "_id": "5f9c2f87a8b5825064402351"
      }
    ]
  },
  "238b9e7e58058a968175450501c66b1502aa0af7.png": {
    "title": "marc_face.png",
    "description": "marc_face.png",
    "tags": [
      {
        "title": "H1000-P",
        "_id": "5f9c2f87a8b5825064402350"
      },
      {
        "title": "Diversity",
        "_id": "5f9c2f87a8b5825064402351"
      }
    ]
  },
  "319af0427e9e8ca0db93bca48142eef4ced875e8.png": {
    "title": "people-banner.png",
    "description": "people-banner.png",
    "tags": [
      {
        "title": "H1000-P",
        "_id": "5f9c2f87a8b5825064402350"
      },
      {
        "title": "Diversity",
        "_id": "5f9c2f87a8b5825064402351"
      }
    ]
  },
  "3db956f49e35381e8c4edf3716a7e68c0e16dea0.png": {
    "title": "wave.png",
    "description": "wave.png",
    "tags": [
      {
        "title": "H1000-P",
        "_id": "5f9c2f87a8b5825064402350"
      },
      {
        "title": "Diversity",
        "_id": "5f9c2f87a8b5825064402351"
      }
    ]
  },
  "3f92fabdb0c55203b8d4d111f2bfa218dc4344b9.png": {
    "title": "handshake.png",
    "description": "handshake.png",
    "tags": [
      {
        "title": "H1000-P",
        "_id": "5f9c2f87a8b5825064402350"
      },
      {
        "title": "Diversity",
        "_id": "5f9c2f87a8b5825064402351"
      }
    ]
  },
  "45a519ae4572ab4835790301d4154ddb5d38b983.png": {
    "title": "canada.png",
    "description": "canada.png",
    "tags": [
      {
        "title": "H1000-P",
        "_id": "5f9c2f87a8b5825064402350"
      },
      {
        "title": "Diversity",
        "_id": "5f9c2f87a8b5825064402351"
      }
    ]
  },
  "4ca22b332641ca15ab3d990e6eb738ff46841600.png": {
    "title": "Learning goal (smaller)",
    "description": "Learning goal/Aim",
    "tags": []
  },
  "4e1ddfd8cb787da7da4dbf9327c2a1640d6ba5d6.png": {
    "title": "ryan_face.png",
    "description": "ryan_face.png",
    "tags": [
      {
        "title": "H1000-P",
        "_id": "5f9c2f87a8b5825064402350"
      },
      {
        "title": "Diversity",
        "_id": "5f9c2f87a8b5825064402351"
      }
    ]
  },
  "598a6a67bb1688d4ae68c5400960a639e0f27fb6.jpg": {
    "title": "team.jpg",
    "description": "team.jpg",
    "tags": [
      {
        "title": "H1000-P",
        "_id": "5f9c2f87a8b5825064402350"
      },
      {
        "title": "Diversity",
        "_id": "5f9c2f87a8b5825064402351"
      }
    ]
  },
  "59aadd80bf24184e978f1867d08113eadd654a22.png": {
    "title": "marc.png",
    "description": "marc.png",
    "tags": [
      {
        "title": "H1000-P",
        "_id": "5f9c2f87a8b5825064402350"
      },
      {
        "title": "Diversity",
        "_id": "5f9c2f87a8b5825064402351"
      }
    ]
  },
  "623ede15206f7f8ecb5d6a177bb16365b6ac9b60.jpg": {
    "title": "equity.jpg",
    "description": "equity.jpg",
    "tags": [
      {
        "title": "Diversity",
        "_id": "5f9c2f87a8b5825064402351"
      },
      {
        "title": "H1000-P",
        "_id": "5f9c2f87a8b5825064402350"
      }
    ]
  },
  "68d9c56aa4eb78ae7de93f9a6c92cbe803bd09cb.png": {
    "title": "amber.png",
    "description": "amber.png",
    "tags": [
      {
        "title": "H1000-P",
        "_id": "5f9c2f87a8b5825064402350"
      },
      {
        "title": "Diversity",
        "_id": "5f9c2f87a8b5825064402351"
      }
    ]
  },
  "6e75715b7eca87c795a944886b1816e0d0cab978.png": {
    "title": "note.png",
    "description": "note.png",
    "tags": [
      {
        "title": "Diversity",
        "_id": "5f9c2f87a8b5825064402351"
      },
      {
        "title": "H1000-P",
        "_id": "5f9c2f87a8b5825064402350"
      }
    ]
  },
  "7a6575949582a00914e10e306d9e7dc1b5bc0e31.jpg": {
    "title": "diversity-banner.jpg",
    "description": "diversity-banner.jpg",
    "tags": [
      {
        "title": "H1000-P",
        "_id": "5f9c2f87a8b5825064402350"
      },
      {
        "title": "Diversity",
        "_id": "5f9c2f87a8b5825064402351"
      }
    ]
  },
  "7fdaae2ec96148dfc899dd548ad6e2293d1c7079.png": {
    "title": "immigrate-canada.png",
    "description": "immigrate-canada.png",
    "tags": [
      {
        "title": "Diversity",
        "_id": "5f9c2f87a8b5825064402351"
      },
      {
        "title": "H1000-P",
        "_id": "5f9c2f87a8b5825064402350"
      }
    ]
  },
  "82067333a7b91d8686c6700505e515faa55555dc.png": {
    "title": "sikhs.png",
    "description": "sikhs.png",
    "tags": [
      {
        "title": "Diversity",
        "_id": "5f9c2f87a8b5825064402351"
      },
      {
        "title": "H1000-P",
        "_id": "5f9c2f87a8b5825064402350"
      }
    ]
  },
  "92ff798a07dfd536dd1245c1639e4614d692fbbc.jpg": {
    "title": "visible-minoirty.jpg",
    "description": "visible-minoirty.jpg",
    "tags": [
      {
        "title": "H1000-P",
        "_id": "5f9c2f87a8b5825064402350"
      },
      {
        "title": "Diversity",
        "_id": "5f9c2f87a8b5825064402351"
      }
    ]
  },
  "a64172a291f35d8110d5caf64b77a9bdc5048a3e.jpg": {
    "title": "officer_Woman_01.jpg",
    "description": "Officer Woman diverse ",
    "tags": []
  },
  "a68761861e2e821633528030d8dd1529c0d5262f.png": {
    "title": "quote.png",
    "description": "quote.png",
    "tags": [
      {
        "title": "H1000-P",
        "_id": "5f9c2f87a8b5825064402350"
      },
      {
        "title": "Diversity",
        "_id": "5f9c2f87a8b5825064402351"
      }
    ]
  },
  "a800511de3d866c4631d3b76a4423ff9bbad89e6.jpg": {
    "title": "earth-unity.jpg",
    "description": "earth-unity.jpg",
    "tags": [
      {
        "title": "H1000-P",
        "_id": "5f9c2f87a8b5825064402350"
      },
      {
        "title": "Diversity",
        "_id": "5f9c2f87a8b5825064402351"
      }
    ]
  },
  "ae7b96a0ef337c59ccbbf16a8cfdbde6bbd316fa.jpg": {
    "title": "diversity-answer.jpg",
    "description": "diversity-answer.jpg",
    "tags": [
      {
        "title": "H1000-P",
        "_id": "5f9c2f87a8b5825064402350"
      },
      {
        "title": "Diversity",
        "_id": "5f9c2f87a8b5825064402351"
      }
    ]
  },
  "b44ece6bfa88e02ce9ec9386f595789e55064175.jpg": {
    "title": "earth_03.jpg",
    "description": "Earth Unity",
    "tags": []
  },
  "b5cc5fd4ceab5da7dbeed8c24eb6cec0d44115a0.png": {
    "title": "amber_face.png",
    "description": "amber_face.png",
    "tags": [
      {
        "title": "H1000-P",
        "_id": "5f9c2f87a8b5825064402350"
      },
      {
        "title": "Diversity",
        "_id": "5f9c2f87a8b5825064402351"
      }
    ]
  },
  "b7683567b58098084eadf57b5be1befe6d5f21b8.png": {
    "title": "ryan.png",
    "description": "ryan.png",
    "tags": [
      {
        "title": "H1000-P",
        "_id": "5f9c2f87a8b5825064402350"
      },
      {
        "title": "Diversity",
        "_id": "5f9c2f87a8b5825064402351"
      }
    ]
  },
  "b8628a18c26950102277d6af3635277b02de6661.png": {
    "title": "Book set (No bg) ",
    "description": "Book set no background",
    "tags": []
  },
  "ba6274ef173e84e31278f1204f5db7ba5de815da.jpg": {
    "title": "diversity.jpg",
    "description": "diversity.jpg",
    "tags": [
      {
        "title": "Diversity",
        "_id": "5f9c2f87a8b5825064402351"
      },
      {
        "title": "H1000-P",
        "_id": "5f9c2f87a8b5825064402350"
      }
    ]
  },
  "c9b6f5524556f56e58de8ea785a769e0d3da1ff6.png": {
    "title": "diversity-law.png",
    "description": "diversity-law.png legislation",
    "tags": [
      {
        "title": "H1000-P",
        "_id": "5f9c2f87a8b5825064402350"
      },
      {
        "title": "Diversity",
        "_id": "5f9c2f87a8b5825064402351"
      }
    ]
  },
  "dee498412c437e8da6b35da24f40d3fdc573f2bb.PNG": {
    "title": "Business woman ",
    "description": "Ethnic Business woman ",
    "tags": []
  },
  "e1505b97920852eb65f0c76d17f48837864f34e2.jpg": {
    "title": "oui.jpg",
    "description": "oui.jpg",
    "tags": [
      {
        "title": "Diversity",
        "_id": "5f9c2f87a8b5825064402351"
      },
      {
        "title": "H1000-P",
        "_id": "5f9c2f87a8b5825064402350"
      }
    ]
  },
  "e5d936d122e237501bdf03d0be9e5185cc248814.jpg": {
    "title": "Time ",
    "description": "Time duration image",
    "tags": []
  },
  "f57befdceb6b509c0e1f790b6621eab3d4715c5e.jpg": {
    "title": "Art Hand",
    "description": "Colorful Art hand representing diversity ",
    "tags": []
  },
  "f9021bad0acc186f206010e03c3765acccb9ad1e.png": {
    "title": "blank.png",
    "description": "blank.png",
    "tags": [
      {
        "title": "Diversity",
        "_id": "5f9c2f87a8b5825064402351"
      },
      {
        "title": "H1000-P",
        "_id": "5f9c2f87a8b5825064402350"
      }
    ]
  },
  "faa9169d774e739e4bb9fceb394bcb9c92a697c5.png": {
    "title": "cultual-woman.png",
    "description": "cultual-woman.png",
    "tags": [
      {
        "title": "H1000-P",
        "_id": "5f9c2f87a8b5825064402350"
      },
      {
        "title": "Diversity",
        "_id": "5f9c2f87a8b5825064402351"
      }
    ]
  },
  "fcfcb9513c21ccc1ace77642f618a3a51c896add.png": {
    "title": "city.png",
    "description": "city.png",
    "tags": [
      {
        "title": "Diversity",
        "_id": "5f9c2f87a8b5825064402351"
      },
      {
        "title": "H1000-P",
        "_id": "5f9c2f87a8b5825064402350"
      }
    ]
  },
  "fecbdeaae66dca0cae8e50cb2b540eb6ff121ff3.png": {
    "title": "ethnic-man.png",
    "description": "ethnic-man.png",
    "tags": [
      {
        "title": "H1000-P",
        "_id": "5f9c2f87a8b5825064402350"
      },
      {
        "title": "Diversity",
        "_id": "5f9c2f87a8b5825064402351"
      }
    ]
  },
  "0081c7514c08d00f9728317b19234cc85039e708.png": {
    "title": "adaptation-objet.png",
    "description": "adaptation-objet.png",
    "tags": [
      {
        "title": "H1000-P",
        "_id": "5f9c2f87a8b5825064402350"
      },
      {
        "title": "Diversity",
        "_id": "5f9c2f87a8b5825064402351"
      }
    ]
  },
  "05915cf83c1feaea3fb13851d454a3f50e9830a6.png": {
    "title": "LEME-objet.png",
    "description": "LEME-objet.png",
    "tags": [
      {
        "title": "H1000-P",
        "_id": "5f9c2f87a8b5825064402350"
      },
      {
        "title": "Diversity",
        "_id": "5f9c2f87a8b5825064402351"
      }
    ]
  },
  "1d2887429926b77300948a2bc5e9cccd960e27c3.png": {
    "title": "LCDP-mesures.png",
    "description": "LCDP-mesures.png",
    "tags": [
      {
        "title": "H1000-P",
        "_id": "5f9c2f87a8b5825064402350"
      },
      {
        "title": "Diversity",
        "_id": "5f9c2f87a8b5825064402351"
      }
    ]
  },
  "3adf767f287e073fa284f01f3c0e94902acd0dc1.png": {
    "title": "terme-diversite.png",
    "description": "terme-diversite.png",
    "tags": [
      {
        "title": "H1000-P",
        "_id": "5f9c2f87a8b5825064402350"
      },
      {
        "title": "Diversity",
        "_id": "5f9c2f87a8b5825064402351"
      }
    ]
  },
  "3b573d12e0340f6741698080b83e0686cb44e1ac.png": {
    "title": "toi.png",
    "description": "toi.png",
    "tags": [
      {
        "title": "H1000-P",
        "_id": "5f9c2f87a8b5825064402350"
      },
      {
        "title": "Diversity",
        "_id": "5f9c2f87a8b5825064402351"
      }
    ]
  },
  "3d967927e4fc384d9f6c0ae23ce18df6a811b47f.png": {
    "title": "LEME-groupes.png",
    "description": "LEME-groupes.png",
    "tags": [
      {
        "title": "H1000-P",
        "_id": "5f9c2f87a8b5825064402350"
      },
      {
        "title": "Diversity",
        "_id": "5f9c2f87a8b5825064402351"
      }
    ]
  },
  "4a3e73c5a845efc6ae9b9f5bec4891fb56e667e8.png": {
    "title": "communication-transculturelle-4.png",
    "description": "communication-transculturelle-4.png",
    "tags": [
      {
        "title": "H1000-P",
        "_id": "5f9c2f87a8b5825064402350"
      },
      {
        "title": "Diversity",
        "_id": "5f9c2f87a8b5825064402351"
      }
    ]
  },
  "64a9c1e177c5896a32b5e959c6ca90f8a4cc16ae.png": {
    "title": "filtre-culturel.png",
    "description": "filtre-culturel.png",
    "tags": [
      {
        "title": "H1000-P",
        "_id": "5f9c2f87a8b5825064402350"
      },
      {
        "title": "Diversity",
        "_id": "5f9c2f87a8b5825064402351"
      }
    ]
  },
  "681ffded9032929971715c175bc57f14e19d5e80.png": {
    "title": "LEME-mesures.png",
    "description": "LEME-mesures.png",
    "tags": [
      {
        "title": "H1000-P",
        "_id": "5f9c2f87a8b5825064402350"
      },
      {
        "title": "Diversity",
        "_id": "5f9c2f87a8b5825064402351"
      }
    ]
  },
  "6b7c56c3f9857c29d142b51735133b8713dbe53d.png": {
    "title": "LCDP-orientation.png",
    "description": "LCDP-orientation.png",
    "tags": [
      {
        "title": "H1000-P",
        "_id": "5f9c2f87a8b5825064402350"
      },
      {
        "title": "Diversity",
        "_id": "5f9c2f87a8b5825064402351"
      }
    ]
  },
  "74bacce160438540865e5fe956b7e00d3f5005eb.png": {
    "title": "adaptation-contrainte.png",
    "description": "adaptation-contrainte.png",
    "tags": [
      {
        "title": "H1000-P",
        "_id": "5f9c2f87a8b5825064402350"
      },
      {
        "title": "Diversity",
        "_id": "5f9c2f87a8b5825064402351"
      }
    ]
  },
  "7decff6262c5eb91c60a9d26ff97a668905036fc.png": {
    "title": "adaptation-juridique.png",
    "description": "adaptation-juridique.png",
    "tags": [
      {
        "title": "H1000-P",
        "_id": "5f9c2f87a8b5825064402350"
      },
      {
        "title": "Diversity",
        "_id": "5f9c2f87a8b5825064402351"
      }
    ]
  },
  "89f6b3d43c6252e32c5d0fc5d6c908cdc6bec4b5.png": {
    "title": "LCDP-objet.png",
    "description": "LCDP-objet.png",
    "tags": [
      {
        "title": "H1000-P",
        "_id": "5f9c2f87a8b5825064402350"
      },
      {
        "title": "Diversity",
        "_id": "5f9c2f87a8b5825064402351"
      }
    ]
  },
  "96aca892f4dc31b9213adb0609ae3f77dc67e402.png": {
    "title": "communication-transculturelle-2.png",
    "description": "communication-transculturelle-2.png",
    "tags": [
      {
        "title": "H1000-P",
        "_id": "5f9c2f87a8b5825064402350"
      },
      {
        "title": "Diversity",
        "_id": "5f9c2f87a8b5825064402351"
      }
    ]
  },
  "a76807f0689f504088c9061f272535361efddaa5.png": {
    "title": "iceberg-fr.png",
    "description": "iceberg-fr.png",
    "tags": [
      {
        "title": "H1000-P",
        "_id": "5f9c2f87a8b5825064402350"
      },
      {
        "title": "Diversity",
        "_id": "5f9c2f87a8b5825064402351"
      }
    ]
  },
  "b2d754b53ffa42701974c867cfb9f15965132900.png": {
    "title": "communication-transculturelle-3.png",
    "description": "communication-transculturelle-3.png",
    "tags": [
      {
        "title": "H1000-P",
        "_id": "5f9c2f87a8b5825064402350"
      },
      {
        "title": "Diversity",
        "_id": "5f9c2f87a8b5825064402351"
      }
    ]
  },
  "b4637ef9522999aa72e6c7e6cc8fd2fd642c8da4.png": {
    "title": "communication-transculturelle-1.png",
    "description": "communication-transculturelle-1.png",
    "tags": [
      {
        "title": "H1000-P",
        "_id": "5f9c2f87a8b5825064402350"
      },
      {
        "title": "Diversity",
        "_id": "5f9c2f87a8b5825064402351"
      }
    ]
  },
  "c8bde9dafaeae678bda6643cd8e86ab0d7710066.png": {
    "title": "analyse-rentabilisation-diversite.png",
    "description": "analyse-rentabilisation-diversite.png",
    "tags": [
      {
        "title": "H1000-P",
        "_id": "5f9c2f87a8b5825064402350"
      },
      {
        "title": "Diversity",
        "_id": "5f9c2f87a8b5825064402351"
      }
    ]
  },
  "c958d4922a5f1c7012ba09fa47627a694fad8aae.png": {
    "title": "LCDP-motifs.png",
    "description": "LCDP-motifs.png",
    "tags": [
      {
        "title": "H1000-P",
        "_id": "5f9c2f87a8b5825064402350"
      },
      {
        "title": "Diversity",
        "_id": "5f9c2f87a8b5825064402351"
      }
    ]
  },
  "d3ebab264961362b48a07303c10de52e3d713bd7.png": {
    "title": "adaptation.png",
    "description": "adaptation.png",
    "tags": [
      {
        "title": "H1000-P",
        "_id": "5f9c2f87a8b5825064402350"
      },
      {
        "title": "Diversity",
        "_id": "5f9c2f87a8b5825064402351"
      }
    ]
  },
  "e5c7574464b318954041c37acbe43a9f292728dd.png": {
    "title": "adaptation-tribunaux.png",
    "description": "adaptation-tribunaux.png",
    "tags": [
      {
        "title": "H1000-P",
        "_id": "5f9c2f87a8b5825064402350"
      },
      {
        "title": "Diversity",
        "_id": "5f9c2f87a8b5825064402351"
      }
    ]
  },
  "e94e4014fe6678c7486bffbd3b81ff2f4dc3802a.png": {
    "title": "adaptation-orientation.png",
    "description": "adaptation-orientation.png",
    "tags": [
      {
        "title": "H1000-P",
        "_id": "5f9c2f87a8b5825064402350"
      },
      {
        "title": "Diversity",
        "_id": "5f9c2f87a8b5825064402351"
      }
    ]
  },
  "f5c0134d98f5cd036f9d45a38a3950211b76710f.png": {
    "title": "nov_confirm-part.png",
    "description": "nov_confirm-part.png",
    "tags": [
      {
        "title": "Diversity",
        "_id": "5f9c2f87a8b5825064402351"
      },
      {
        "title": "H1000-P",
        "_id": "5f9c2f87a8b5825064402350"
      }
    ]
  },
  "f92c71cf159367006de59cbb32ff4800ab0d9c35.png": {
    "title": "LEME.png",
    "description": "LEME.png",
    "tags": [
      {
        "title": "H1000-P",
        "_id": "5f9c2f87a8b5825064402350"
      },
      {
        "title": "Diversity",
        "_id": "5f9c2f87a8b5825064402351"
      }
    ]
  },
  "fd3a012f9dc0f9f69af0a1b5ad1e5ea4b9477037.png": {
    "title": "LCDP.png",
    "description": "LCDP.png",
    "tags": [
      {
        "title": "H1000-P",
        "_id": "5f9c2f87a8b5825064402350"
      },
      {
        "title": "Diversity",
        "_id": "5f9c2f87a8b5825064402351"
      }
    ]
  }
}