[
  {
    "title": "Avant de commencer",
    "displayTitle": "Avant de commencer",
    "body": "",
    "_classes": "",
    "pageBody": "",
    "linkText": "Débuter",
    "duration": "5 min",
    "_lockedBy": [],
    "_lockType": "",
    "_isOptional": false,
    "_isAvailable": true,
    "_isHidden": false,
    "_isVisible": true,
    "_id": "5f9c2fb2a8b5825064402571",
    "_type": "page",
    "_parentId": "course",
    "_graphic": {
      "alt": "",
      "src": ""
    },
    "_onScreen": {
      "_isEnabled": false,
      "_classes": "",
      "_percentInviewVertical": 50
    },
    "_pageLevelProgress": {
      "_isEnabled": true,
      "_showPageCompletion": true,
      "_excludeAssessments": false
    },
    "_bookmarking": {
      "_isEnabled": true,
      "_level": "inherit"
    }
  },
  {
    "title": "Module 1: Réfutons quelques mythes",
    "displayTitle": "Module 1: Réfutons quelques mythes",
    "body": "",
    "_classes": "",
    "pageBody": "",
    "linkText": "Débuter",
    "duration": "10 min",
    "_lockedBy": [],
    "_lockType": "",
    "_isOptional": false,
    "_isAvailable": true,
    "_isHidden": false,
    "_isVisible": true,
    "_id": "5f9c2fb2a8b5825064402572",
    "_parentId": "course",
    "_type": "page",
    "_graphic": {
      "alt": "",
      "src": ""
    },
    "_onScreen": {
      "_isEnabled": false,
      "_classes": "",
      "_percentInviewVertical": 50
    },
    "_pageLevelProgress": {
      "_isEnabled": true,
      "_showPageCompletion": true,
      "_excludeAssessments": false
    },
    "_bookmarking": {
      "_isEnabled": true,
      "_level": "inherit"
    }
  },
  {
    "title": "Module 2: Définitions et politiques",
    "displayTitle": "Module 2: Définitions et politiques",
    "body": "",
    "_classes": "",
    "pageBody": "",
    "linkText": "Débuter",
    "duration": "30 min",
    "_lockedBy": [],
    "_lockType": "",
    "_isOptional": false,
    "_isAvailable": true,
    "_isHidden": false,
    "_isVisible": true,
    "_id": "5f9c2fb2a8b5825064402573",
    "_parentId": "course",
    "_type": "page",
    "_graphic": {
      "alt": "",
      "src": ""
    },
    "_onScreen": {
      "_isEnabled": false,
      "_classes": "",
      "_percentInviewVertical": 50
    },
    "_pageLevelProgress": {
      "_isEnabled": true,
      "_showPageCompletion": true,
      "_excludeAssessments": false
    },
    "_bookmarking": {
      "_isEnabled": true,
      "_level": "inherit"
    }
  },
  {
    "title": "Module 3: Sensibilisation à la diversité",
    "displayTitle": "Module 3: Sensibilisation à la diversité",
    "body": "",
    "_classes": "",
    "pageBody": "",
    "linkText": "Débuter",
    "duration": "45 min",
    "_lockedBy": [],
    "_lockType": "",
    "_isOptional": false,
    "_isAvailable": true,
    "_isHidden": false,
    "_isVisible": true,
    "_id": "5f9c2fb2a8b5825064402574",
    "_parentId": "course",
    "_type": "page",
    "_graphic": {
      "alt": "",
      "src": ""
    },
    "_onScreen": {
      "_isEnabled": false,
      "_classes": "",
      "_percentInviewVertical": 50
    },
    "_pageLevelProgress": {
      "_isEnabled": true,
      "_showPageCompletion": true,
      "_excludeAssessments": false
    },
    "_bookmarking": {
      "_isEnabled": true,
      "_level": "inherit"
    }
  },
  {
    "title": "Module 4: Applications pratiques de la diversité",
    "displayTitle": "Module 4: Applications pratiques de la diversité",
    "body": "",
    "_classes": "",
    "pageBody": "",
    "linkText": "Débuter",
    "duration": "40 min",
    "_lockedBy": [],
    "_lockType": "",
    "_isOptional": false,
    "_isAvailable": true,
    "_isHidden": false,
    "_isVisible": true,
    "_id": "5f9c2fb2a8b5825064402575",
    "_parentId": "course",
    "_type": "page",
    "_graphic": {
      "alt": "",
      "src": ""
    },
    "_onScreen": {
      "_isEnabled": false,
      "_classes": "",
      "_percentInviewVertical": 50
    },
    "_pageLevelProgress": {
      "_isEnabled": true,
      "_showPageCompletion": true,
      "_excludeAssessments": false
    },
    "_bookmarking": {
      "_isEnabled": true,
      "_level": "inherit"
    }
  },
  {
    "title": "Exercice Final",
    "displayTitle": "Exercice Final",
    "body": "",
    "_classes": "",
    "pageBody": "",
    "linkText": "Débuter",
    "duration": "15 min",
    "_lockedBy": [],
    "_lockType": "",
    "_isOptional": false,
    "_isAvailable": true,
    "_isHidden": false,
    "_isVisible": true,
    "_id": "5f9c2fb2a8b5825064402576",
    "_parentId": "course",
    "_type": "page",
    "_graphic": {
      "alt": "",
      "src": ""
    },
    "_onScreen": {
      "_isEnabled": false,
      "_classes": "",
      "_percentInviewVertical": 50
    },
    "_pageLevelProgress": {
      "_isEnabled": true,
      "_showPageCompletion": true,
      "_excludeAssessments": false
    },
    "_bookmarking": {
      "_isEnabled": true,
      "_level": "inherit"
    }
  },
  {
    "title": "Assets",
    "displayTitle": "Assets",
    "body": "",
    "_classes": "",
    "pageBody": "",
    "linkText": "View",
    "duration": "",
    "_lockedBy": [],
    "_lockType": "",
    "_isOptional": true,
    "_isAvailable": false,
    "_isHidden": true,
    "_isVisible": false,
    "_id": "5f9c2fb2a8b5825064402577",
    "_parentId": "course",
    "_type": "page",
    "_graphic": {
      "alt": "",
      "src": ""
    },
    "_onScreen": {
      "_isEnabled": false,
      "_classes": "",
      "_percentInviewVertical": 50
    },
    "_pageLevelProgress": {
      "_isEnabled": true,
      "_showPageCompletion": true,
      "_excludeAssessments": false
    },
    "_bookmarking": {
      "_isEnabled": true,
      "_level": "inherit"
    }
  }
]