{
  "title": "H1000-P - Diversité et relations interraciales",
  "displayTitle": "H1000-P - Diversité et relations interraciales",
  "body": "<script>  if(document.getElementById(\"cbsa-asfc-logo\")){document.getElementById(\"cbsa-asfc-logo\").src=\"adapt/css/assets/CBSA-Label-White-web-fr.png\";};if(document.getElementsByClassName(\"base navigation-inner navigation-home-button  icon  icon-home\")){document.getElementsByClassName(\"base navigation-inner navigation-home-button  icon  icon-home\")[0].setAttribute(\"aria-label\",\"Accueill\");}</script>",
  "description": "",
  "_latestTrackingId": 123,
  "_buttons": {
    "_submit": {
      "buttonText": "Soumettre",
      "ariaLabel": "Soumettre"
    },
    "_reset": {
      "buttonText": "Réessayer",
      "ariaLabel": "Réessayer"
    },
    "_showCorrectAnswer": {
      "buttonText": "Afficher la bonne réponse ",
      "ariaLabel": "Afficher la bonne réponse "
    },
    "_hideCorrectAnswer": {
      "buttonText": "Cacher la bonne réponse ",
      "ariaLabel": "Cacher la bonne réponse "
    },
    "_showFeedback": {
      "buttonText": "Afficher la rétroaction",
      "ariaLabel": "Afficher la rétroaction"
    },
    "remainingAttemptsText": "tentatives restantes",
    "remainingAttemptText": "dernière tentative",
    "disabledAriaLabel": "Ce bouton est désactivé pour le moment"
  },
  "_classes": "",
  "_lockType": "sequential",
  "_id": "course",
  "_start": {
    "_isEnabled": false,
    "_startIds": [],
    "_force": false,
    "_isMenuDisabled": false
  },
  "_globals": {
    "_accessibility": {
      "accessibilityToggleTextOn": "Activer l’accessibilité?",
      "accessibilityToggleTextOff": "Désactiver l’accessibilité?",
      "skipNavigationText": "Skip navigation",
      "_accessibilityInstructions": {
        "touch": "Instruction d’utilisation. Glissez vers la gauche pour continuer. Glissez vers la droite pour revenir. Tappez deux fois pour sélectionner. Utilisez deux doigts en glissant vers le haut pour retourner au haut de la page.",
        "notouch": "Instruction d’utilisation. Utilisez la touche « Tab »  pour continuer. Utilisez les touches «Shift Tab»  pour revenir. Utilisez la touche « Enter » pour sélectionner. Utilisez la touche « Escape » pour revenir au haut de la page.",
        "ipad": "Instruction d’utilisation. Glissez vers la gauche pour continuer. Glissez vers la droite pour revenir. Tappez deux fois pour sélectionner. Utilisez deux doigts en glissant vers le haut pour retourner au haut de la page. Instruction d’utilisation pour accéder à l’utilisation du clavier. Utilisez la gauche pour continuer. Utilisez la droite pour revenir. Utilisez la touche « up » et « down » simultanément pour sélectionner."
      },
      "_ariaLabels": {
        "navigation": "Barre de navigation du cours",
        "skipNavigation": "Passer la navigation",
        "menuLoaded": "Page d’accueil chargée",
        "page": "Page",
        "pageLoaded": "Page chargée",
        "previous": "Retour",
        "navigationDrawer": "Ouvrir le menu principal",
        "drawer": "Barre latéral",
        "closePopup": "Fermer la fenêtre",
        "next": "Suivant",
        "done": "Terminer",
        "complete": "Compléter",
        "incomplete": "Incomplet",
        "correct": "Correct",
        "incorrect": "Incorrect",
        "locked": "Verrouillé",
        "accessibilityToggleButton": "En sélectionnant ce bouton, vous pouvez activer ou désactiver l’accessibilité.",
        "feedbackPopUp": "Fenêtre ouverte",
        "visited": "Visité",
        "menuIndicatorHeading": "Titre du menu"
      }
    },
    "_components": {
      "_text": {
        "ariaRegion": ""
      },
      "_narrative": {
        "ariaRegion": "Ce composant affiche une galerie d’image joint avec du texte. Utilisez les contrôles de navigation Suivant et Retour pour parcourir la galerie."
      },
      "_media": {
        "ariaRegion": "Ceci est un composant de lecteur multimédia. Sélectionnez le bouton lecture / pause pour regarder ou écouter.",
        "transcriptButton": "Sinon, vous pouvez sélectionner le lien ci-dessous pour la transcription."
      },
      "_hotgraphic": {
        "ariaRegion": "Vous trouverez ci-dessous un composant qui vous permet de sélectionner des points clés sur une image. Sélectionnez un point clé pour déclencher une fenêtre contextuelle contenant une image avec du texte. Sélectionnez le bouton de fermeture pour fermer la fenêtre.",
        "ariaPopupLabel": "Fenêtre contextuelle du point clé"
      },
      "_graphic": {
        "ariaRegion": ""
      },
      "_matching": {
        "ariaRegion": "Association. Sélectionnez parmi des listes puis soumettez."
      },
      "_textinput": {
        "ariaRegion": "Saisie de texte. Tapez votre réponse puis soumettez."
      },
      "_mcq": {
        "ariaRegion": "Ceci est une question à choix multiple. Sélectionnez une option, puis sélectionnez le bouton soumettre."
      },
      "_gmcq": {
        "ariaRegion": "Ceci une question à choix multiple graphique. Une fois que vous avez sélectionné une option, sélectionnez le bouton soumettre ci-dessous."
      },
      "_slider": {
        "ariaRegion": "Échelle. Répondez à la question en sélectionnant une valeur sur l'échelle, puis soumettez-la.",
        "labelStart": "Début de l'échelle",
        "labelEnd": "Fin de l'échelle"
      },
      "_accordion": {
        "ariaRegion": "Ce composant est un accordéon composé de panneaux de contenu réductibles contenant du texte. Sélectionnez les titres des éléments pour activer ou désactiver la visibilité de ces panneaux de contenu."
      },
      "_clickAndLearn": {
        "ariaRegion": "Ce composant est un type de composant Clique-et-apprend affichant quelques cartes sélectionnable. Après avoir sélectionné l'une de ces cartes, elles affichent le texte qui leur est associé."
      },
      "_flipcard": {
        "ariaRegion": "Ce composant est une carte composée contenant une image d'affichage. Sélectionnez l'image de la face avant à retourner sur la face arrière de cette carte pour afficher le texte associé."
      },
      "_reveal": {
        "ariaLabel": "Révéler le bouton bascule."
      },
      "_expose": {
        "ariaRegion": ""
      },
      "_tabs": {
        "ariaRegion": "Un conteneur de contenu à onglets. Le contenu peut être du texte, graphique ou les deux."
      },
      "_tidbits": {
        "ariaRegion": "Ce composant affiche du texte avec des liens. Utilisez les liens pour accéder à plus d'informations."
      }
    },
    "_extensions": {
      "_trickle": {
        "incompleteContent": "Certains éléments de la page n'ont pas été complétés. Vous devez les compléter avant de poursuivre le cours."
      },
      "_pageLevelProgress": {
        "pageLevelProgress": "Sections du module",
        "pageLevelProgressIndicatorBar": "Barre de progression. Sélectionnez ici pour afficher vos progrès dans le présent module et sélectionnez un item pour y accéder. ",
        "pageLevelProgressMenuBar": "Vous avez complété",
        "pageLevelProgressEnd": "Vous avez atteint la fin de la liste de sections du module.",
        "optionalContent": "Contenu optionnel"
      },
      "_resources": {
        "resources": "Ressources additionnelles"
      }
    }
  },
  "_type": "course",
  "_assessment": {
    "_postTotalScoreToLms": true,
    "_isPercentageBased": true,
    "_scoreToPass": 80
  },
  "_pageLevelProgress": {
    "_isEnabled": true,
    "_showPageCompletion": true
  },
  "_aboutUs": {
    "_drawerOrder": 0,
    "title": "Contact",
    "description": "",
    "headline": "",
    "_graphic": {
      "alt": "",
      "src": ""
    },
    "_aboutUsItems": [
      {
        "title": "Équipe de Mon apprentissage",
        "description": "<p>Pour signaler un problème technique ou pour nous faire parvenir un commentaire ou suggestion concernant ce produit de formation, veuillez contacter&nbsp;l’<a href=\"mailto:H0PLTAg@cbsa-asfc.gc.ca\">équipe de Mon apprentissage</a>.</p>"
      }
    ],
    "_socialLinks": []
  },
  "_drawerPageNavigation": {
    "_isEnabled": true,
    "title": "Unités",
    "description": "Cliquez ici pour naviguer le cours."
  },
  "_resources": {
    "_isEnabled": true,
    "_drawerOrder": 0,
    "title": "Ressources d'apprentissage",
    "description": "",
    "_filterButtons": {
      "all": "Toutes",
      "document": "Documents",
      "media": "Média",
      "link": "Liens"
    },
    "_filterAria": {
      "allAria": "Voir toutes les ressources",
      "documentAria": "Voir toutes les ressources de type document.",
      "mediaAria": "Voir toutes les ressources de type média.",
      "linkAria": "Voir toutes les ressources de type lien."
    },
    "_resourcesItems": [
      {
        "_type": "link",
        "_forceDownload": false,
        "title": "Politique de l\"ASFC en matière de discipline",
        "filename": "",
        "description": "",
        "_link": "http://atlas/hrb-dgrh/pol/sr-rt/discipline/pol_f.asp"
      },
      {
        "_type": "link",
        "_forceDownload": false,
        "title": "Loi sur la protection des fonctionnaires divulgateurs d'actes répréhensibles",
        "filename": "",
        "description": "",
        "_link": "https://laws-lois.justice.gc.ca/fra/lois/P-31.9/"
      }
    ]
  },
  "_bookmarking": {
    "_isEnabled": true,
    "_level": "component",
    "_showPrompt": true,
    "title": "Reprendre",
    "body": "Souhaitez-vous reprendre où vous vous êtes arrêté ?",
    "_buttons": {
      "yes": "Oui",
      "no": "Non"
    }
  }
}